,RMSE,MAE
Naive Bilinear Interpolation,11.849491388536142,9.614897
Kalman Updated Raster,13.799338858426786,11.100881
Kriged Raster,28.843157496623007,22.826664
