,RMSE,MAE
Naive Bilinear Interpolation,11.84904003520367,9.496324
Kalman Updated Raster,13.803589859800171,10.96988
Kriged Raster,28.815448601835094,22.798765
