,RMSE [m],MAE [m],Mean Error [m]
GEBCO,7.354837302373504,5.386294,0.92157507
Kriging Surface,7.534788954322585,5.905679,-3.6129549
Kalman Output,5.779888260761169,4.3153634,-0.86972535
