,RMSE,MAE
Naive Bilinear Interpolation,7.479251645029584,5.4521613
Kalman Updated Raster,5.757963222565086,4.307755
Kriged Raster,7.423820417320387,5.849091
