,RMSE [m],MAE [m],Mean Error [m]
GEBCO,7.479251645029584,5.4521613,1.0329088
Kriging Surface,7.423820417320387,5.849091,-3.5894425
Kalman Output,5.757963222565086,4.307755,-0.96195287
