,RMSE,MAE
Naive Bilinear Interpolation,2.208391644649664,1.1107548
Kalman Updated Raster,1.4103173245821454,0.8477432
Kriged Raster,2.280915118158744,1.3075017
