,RMSE [m],MAE [m],Mean Error [m]
GEBCO,2.208391644649664,1.1107548,0.04179773
Kriging Surface,2.280915118158744,1.3075017,-0.66904664
Kalman Output,1.4103173245821454,0.8477432,-0.18257521
