,RMSE,MAE
Naive Bilinear Interpolation,2.2086381042150443,1.1088647
Kalman Updated Raster,1.4308974352374342,0.85577846
Kriged Raster,2.2969161049415034,1.3236926
