,RMSE,MAE
Naive Bilinear Interpolation,3.4221345985914207,2.4977467
Kalman Updated Raster,3.4232505228438774,2.4159079
Kriged Raster,17.623172313535896,11.909216
