,RMSE [m],MAE [m],Mean Error [m]
GEBCO,5.9421840462084035,4.1062193,3.9180417
Kriging Surface,17.419818404397546,11.743415,-11.380756
Kalman Output,4.0566100632274384,2.889957,1.8406918
