,RMSE [m],MAE [m],Mean Error [m]
GEBCO,3.73166753071793,2.375371,1.6109805
Kriging Surface,17.40590197559392,11.6049185,-11.28541
Kalman Output,2.759170154817804,1.8042884,0.36119375
