,RMSE,MAE
Naive Bilinear Interpolation,4.693888468928532,3.4348752
Kalman Updated Raster,5.750970509766088,3.9406765
Kriged Raster,17.814944665026854,12.110077
