,RMSE,MAE
Naive Bilinear Interpolation,3.4349872074694128,2.51176
Kalman Updated Raster,3.4220068222504056,2.4157493
Kriged Raster,17.619715554477693,11.906885
