,RMSE,MAE
Naive Bilinear Interpolation,4.124833768327277,2.963388
Kalman Updated Raster,4.2887245142331505,3.0458403
Kriged Raster,17.537986290756578,11.828499
