,RMSE,MAE
Naive Bilinear Interpolation,3.71879744299109,3.035359
Kalman Updated Raster,2.287389462828091,1.8547761
Kriged Raster,18.66080019364624,12.818135
