,RMSE,MAE
Naive Bilinear Interpolation,3.725463449206951,3.0389626
Kalman Updated Raster,2.2659199489786577,1.8274633
Kriged Raster,18.844467427781524,13.165639
