,RMSE,MAE
Naive Bilinear Interpolation,5.24112205081722,4.19323
Kalman Updated Raster,6.25937559724863,4.9144154
Kriged Raster,17.669211918042283,12.01589
