,RMSE [m],MAE [m],Mean Error [m]
GEBCO,3.71879744299109,3.035359,2.9261925
Kriging Surface,18.768504052927756,13.051209,-12.5670595
Kalman Output,2.2896426770818628,1.8590314,1.3618128
