,RMSE [m],MAE [m],Mean Error [m]
GEBCO,3.71879744299109,3.035359,2.9261925
Kriging Surface,18.66203732079889,12.831145,-12.296913
Kalman Output,2.321983686036621,1.8900287,1.5121746
