,RMSE,MAE
Naive Bilinear Interpolation,4.731510920114018,3.3366377
Kalman Updated Raster,5.989177480022364,4.0841355
Kriged Raster,16.976379140749323,11.378491
