,RMSE [m],MAE [m],Mean Error [m]
GEBCO,3.4221345985914207,2.4977467,1.4955137
Kriging Surface,17.615281042909963,11.900589,-11.647961
Kalman Output,3.353643735950231,2.3783197,-0.24860068
