,RMSE,MAE
Naive Bilinear Interpolation,3.7379827589491597,2.3903122
Kalman Updated Raster,2.782521589389067,1.8170626
Kriged Raster,17.407872560988302,11.606629
