,RMSE,MAE
Naive Bilinear Interpolation,5.9421840462084035,4.1062193
Kalman Updated Raster,4.054201071195605,2.8882606
Kriged Raster,17.41842121735142,11.7416935
