,RMSE,MAE
Naive Bilinear Interpolation,3.73166753071793,2.375371
Kalman Updated Raster,2.7772150667105198,1.8286526
Kriged Raster,17.406979338400443,11.610162
