,RMSE [m],MAE [m],Mean Error [m]
GEBCO,5.24112205081722,4.19323,-3.0251
Kriging Surface,17.669211918042283,12.01589,-11.723417
Kalman Output,6.25937559724863,4.9144154,-3.4994826
