,RMSE,MAE
Naive Bilinear Interpolation,4.721689483411503,3.333443
Kalman Updated Raster,6.0058898627274955,4.095321
Kriged Raster,16.987751755803263,11.387791
