,RMSE [m],MAE [m],Mean Error [m]
GEBCO,4.731510920114018,3.3366377,-0.3554557
Kriging Surface,16.979566074034402,11.380362,-11.048691
Kalman Output,5.997219077015183,4.0907164,-2.3609016
