,RMSE,MAE
Naive Bilinear Interpolation,4.157281962610955,2.979156
Kalman Updated Raster,4.288759870570629,3.0458667
Kriged Raster,17.53793669827818,11.828467
