,RMSE,MAE
Naive Bilinear Interpolation,6.028773614725256,4.19697
Kalman Updated Raster,4.05659854373034,2.8891895
Kriged Raster,17.419044928488564,11.742738
