,RMSE [m],MAE [m],Mean Error [m]
GEBCO,4.645238362120717,3.398747,-2.846848
Kriging Surface,17.81494637805921,12.1100855,-11.942836
Kalman Output,5.750899534767094,3.9405742,-3.3457942
