,RMSE [m],MAE [m],Mean Error [m]
GEBCO,3.94920607205402,2.7182963,0.7537873
Kriging Surface,17.35901021359522,11.567788,-10.992016
Kalman Output,3.9058913409564275,2.6861913,0.04064414
