,RMSE,MAE
Naive Bilinear Interpolation,4.645238362120717,3.398747
Kalman Updated Raster,5.751336978883931,3.9410653
Kriged Raster,17.814955799734232,12.110099
