,RMSE,MAE
Naive Bilinear Interpolation,1.4757187466085118,1.3139333
Kalman Updated Raster,0.9959420481333496,0.7592683
Kriged Raster,1.2156655822099165,0.69654816
