,RMSE,MAE
Naive Bilinear Interpolation,6.427103777275359,4.2874928
Kalman Updated Raster,4.595469250384077,3.150422
Kriged Raster,6.638822997691514,4.012486
