,RMSE [m],MAE [m],Mean Error [m]
Naive Bilinear Interpolation,6.446278928492451,4.301257,-1.0113505
Kriged Raster,6.789821288238793,4.0977926,-2.908376
Kalman Updated Raster,4.632747244415526,3.1980467,-1.1407902
